,user.login
0,mrocklin
1,shoyer
2,AlbertDeFusco
3,nirizr
4,alanhdu
5,dirkbike
6,demianw
7,jakirkham
8,anton-malakhov
9,stumitchell
10,jdanbrown
11,martindurant
12,dlovell
13,Joshuaalbert
14,Developer4190
15,TomAugspurger
16,morganics
17,mariusvniekerk
18,shughes-uk
19,jamesstidard
20,gorlins
21,michcio1234
22,bnaul
23,fujiisoup
24,djhoese
25,roxyboy
26,ckaz02
27,crusaderky
28,fjetter
29,joergdietrich
30,lsorber
31,wcbeard
32,rabernat
33,luizberti
34,tjcrone
35,nbren12
36,magnunor
37,rainwoodman
38,finete
39,d-v-b
40,jcrist
41,cjalmeida
42,sjperkins
43,bielefem
44,DPeterK
45,TSFelg
46,ptooley
47,guillaumeeb
48,caseyjlaw
49,deasmhumhna
50,TAdeJong
51,avnovikov
52,hmaarrfk
53,jangorecki
54,johngu
55,nsadeh
56,sfrodrigues
57,BParesh89
58,PGryllos
59,twiecki
60,qwitwa
61,andaag
62,bgbg
63,Pierre-Bartet
64,quickpanda
65,arredond
66,talz
67,Hoeze
68,marberi
69,bluecoconut
70,quasiben
71,beckernick
72,smangham
73,almaleksia
74,syagev
75,pentschev
76,delandmeterp
77,antonDA
78,alimanfoo
79,avlahop
80,hardingnj
81,landonzweigle
82,nbmorgan
83,eteq
84,philipp-block
85,ddebernardy
86,birdsarah
87,matthewgson
88,RealPolitiX
89,ivirshup
90,lr4d
91,stephaniegott
92,clbarnes
93,sighingnow
94,telferm57
95,mpeaton
96,pedroallenrevez
97,AndreCNF
98,TomMaullin
99,michaeldoron59
100,QuLogic
101,masip85
102,davidtwomey
103,joschaschmiedt
104,varunbpatil
105,nsmith-
106,tilign
107,ahirner
108,trexfeathers
109,hadim
110,kaptravis
111,Cadair
112,Vanderser
113,chrisroat
114,randerzander
115,VibhuJawa
116,rileyschack
117,jbusecke
118,joshua-gould
119,bmerry
120,AntSimi
121,manzt
122,LongBeach805
123,jsignell
124,astrofrog
125,Amyantis
126,AmeerHajAli
127,aruns5640
128,lionsardesai
129,raybellwaves
130,victor-ab
131,brandonlockhart
132,mark-boer
133,ravwojdyla
134,rjzamora
135,gjoseph92
136,tevi
137,bluegeo
138,mk0417
139,kortemaki
140,cgi1
141,Adam-D-Lewis
142,tomwhite
143,peterbell10
144,kylejn27
145,rafa-guedes
146,jthielen
147,JimCircadian
148,lucventurini
149,mreineck
150,jendrikjoe
151,GenevieveBuckley
152,jqmp
153,Carreau
154,mshaikh786
155,ericpre
156,kyprifog
157,goodwanghan
158,nils-braun
159,stuarteberg
160,jmkim
161,sm-Fifteen
162,dovahcrow
163,mcguipat
164,MrPowers
165,odovad
166,CMCDragonkai
167,mwiebusch78
168,keewis
169,JSKenyon
170,tadej-redstone
171,jborchma
172,lfdversluis
173,gioxc88
174,mgfinch
175,jameslamb
176,trivialfis
177,pseudotensor
178,duboviy
179,eric-czech
180,eric-valente
181,jacobtomlinson
182,KrishanBhasin
183,icfly2
184,rileyhun
185,ameraner
186,ben10he
187,stephanie-wang
188,ian-r-rose
189,chardog
190,AlecThomson
191,jrbourbeau
192,FirefoxMetzger
193,itamarst
194,devin-petersohn
195,clarkzinzow
196,ma-sadeghi
197,achapkowski
198,ag-tcm
199,fuglede
200,nicrie
201,system123
202,joshmoore
203,mlondschien
204,kdebrab
205,fnattino
206,twoertwein
207,lucharo
208,rikturr
209,jorisvandenbossche
210,N4321D
211,thehomebrewnerd
212,miguelcarcamov
213,lmmx
214,cliffplaysdrums
215,valeriupredoi
216,DahnJ
217,vttrifonov
218,y-he2
219,ayushdg
220,SebastienDorgan
221,boazmohar
222,aloysius-lim
223,mohamedniyaz1996
224,ghost
225,TLouf
226,davidhao3300
227,mlahir1
228,scharlottej13
229,ianliu
230,alcinos
231,Illviljan
232,guidocioni
233,rajeee
234,phobson
235,jacobjma
236,jorloplaz
237,karolzlot
238,pavithraes
239,gcaria
240,ncclementi
241,SultanOrazbayev
242,multimeric
243,ilan-gold
244,schlunma
245,hendrikmakait
246,hungcs
247,bsesar
248,charlesbluca
249,TomNicholas
250,eric-yu-snorkel
251,epizut
252,kloczek
253,ntabris
254,avriiil
255,delgadom
256,martinedgefocus
257,pp-mo
258,billiejoe-bw
259,georgek-auro
260,RitikParmar
261,ljmc-github
262,Winand
263,Tishj
264,qibin-integral
265,rweisman-efp
266,lukeconibear
267,fny
268,LUOXIAO92
269,kevfly16
270,estebanag
271,wybert
272,mdrio
273,lrast
274,Joachimoe
275,selvavm
276,larsoner
277,T-Flet
278,jbcurtin
279,hayesgb
280,charmoniumQ
281,Arunes007
282,prashant2601
283,wence-
284,brandon-leapyear
285,NickleDave
286,Crispy13
287,thomasf1
288,asmith26
289,cbyrohl
290,pfox89
291,patcao
292,jni
293,talkhanz
294,te-x
295,antoinebon
296,j-bennet
297,cgahr
298,jochenott
299,seberg
300,krokosik
301,alexgorban
302,Oreilles
303,Dobatymo
304,Reggieharden
305,douglasdavis
306,zbs
307,ChenhanXmu
308,MalteMederacke
309,phofl
310,Puumanamana
311,mueslo
312,ahnsws
313,mdwgrogan
314,kasparthommen
315,ianozsvald
316,carshadi
317,TedBrookings
318,jhamman
319,QianqianHan96
320,ska-incom
321,seanslma
322,ogrisel
323,andy-sweet
324,tmillenaar
325,goldenbull
326,dstansby
327,toozinger
328,jrueb
329,jordan-jack-schneider
330,jerry-kobold
331,hyenal
332,duarteharris
333,gatling-nrl
334,hjlee9182
335,RobbeSneyders
336,HHarald99
337,MariusCausemann
338,fbunt
339,BrandonSmithJ
340,aaptss
341,kwodzicki
342,ligonliu
343,raphael7777777
344,arjun-shanmugam
345,JaguarPaw2409
346,adrien-berchet
347,manschoe
348,headtr1ck
349,marcoheisig
350,graingert
351,Martmists-GH
352,AnsgarSchuffenhauer
353,orlandombaa
354,dcherian
355,TsiVit
356,mfenner1
357,joelplantinga
358,zmbc
359,idanhazan
360,marcdelabarrera
361,milesgranger
362,trgmg
363,yiliema
364,benjeffery
365,hungtn1297
366,Michaw1985
367,Andrew-S-Rosen
368,iirekm
369,bascheibler
370,hoxbro
371,anmyachev
372,KsawerySmoczynski
373,joanrue
374,piebro
375,flying-sheep
376,albarji
377,SurkynRik
378,dbalabka
379,frbelotto
380,pvaezi
381,lithomas1
382,kbuma
383,guozhans
384,PhilippeMoussalli
385,louisletoumelin
386,PietroSpalluto
387,lsc64
388,sam-goodwin
389,SGT911
390,jtilly
391,rhugonnet
392,sinsniwal
393,github-actions[bot]
394,camposandro
395,nprihodko
396,Rhett-Ying
397,chourroutm
398,LucaMarconato
399,simplew2011
400,LeilaGold
